ใส่|35
รีเทนเนอร์|35
ฟัน|35
จัดฟัน|30
ไม่|26
ได้|24
ที่|24
การ|24
ไป|23
ใน|22
ก็|22
จะ|19
กับ|17
ให้|15
เรา|15
ว่า|15
ครับ|13
ของ|13
ๆ|12
อาจจะ|12
ยัง|12
แล้ว|11
และ|11
:|11
อย่าง|10
ยึด|9
มา|9
ไว้|8
เคลื่อน|8
สวย|8
สมบูรณ์|8
ถอด|8
แบบ|7
แต่|7
เหงือก|7
ต้อง|7
ขึ้น|7
เพื่อ|6
เกิด|6
อีก|6
หรือ|6
ฟันผุ|6
บ้าง|6
ถ้า|6
ควร|6
คน|6
กระดูก|6
Image|6
)|6
(|6
เครื่องมือ|5
วัน|5
มั้ย|5
พูด|5
บทความ|5
ทำให้|5
ทันตกรรม|5
ต้องการ|5
ดี|5
ซึ่ง|5
ซัก|5
ง่าย|5
ค้ำ|5
คือ|5
คนไข้|5
ก่อน|5
กัน|5
กลับ|5
thumb|5
review|5
positive|5
Retainer|5
Q|5
A|5
โรค|4
แปรงฟัน|4
เสร็จ|4
เลย|4
เรียง|4
เมื่อ|4
เพื่อน|4
เป็น|4
เจอ|4
อยู่แล้ว|4
อยู่|4
อยาก|4
หาก|4
หมอ|4
สบาย|4
รู้สึก|4
มี|4
นี้|4
นะ|4
ทันตแพทย์|4
ด้วย|4
จุด|4
จาก|4
คุณหมอ|4
คุณ|4
กว่า|4
กลางคืน|4
กลับมา|4
ไม่เคย|3
ไม่ชัด|3
ใหม่|3
ใส่ใจ|3
ใส|3
ใดๆ|3
โอกาส|3
โดย|3
แรง|3
แรก|3
แนะนำ|3
เอาไว้|3
เหล็ก|3
เวลา|3
เริ่มต้น|3
เนื่องจาก|3
เคย|3
อ่าน|3
อะไร|3
ออกแบบ|3
สามารถ|3
ลวด|3
ลด|3
รากฟัน|3
รักษา|3
รอบ|3
รบกวน|3
มีวินัย|3
มาก|3
ฟันชิด|3
ปัญหา|3
บางคน|3
นิด|3
นาน|3
ทิ้ง|3
ต้นไม้|3
ตลอดเวลา|3
ดีมาก|3
ช่วงแรก|3
คุย|3
ความถี่|3
ความงาม|3
คลินิก|3
ขอ|3
→|2
ไหน|2
ไม้|2
ไม่ได้|2
ไม่จำเป็น|2
ไม่ค่อย|2
ได้แก่|2
โทร|2
โท|2
แฟชั่น|2
แปล|2
แชร์|2
แค่|2
เอา|2
เอง|2
เสียเงิน|2
เศษอาหาร|2
เวลากลางวัน|2
เรื่อยๆ|2
เรียงตัว|2
เรียก|2
เพราะ|2
เตือน|2
เดือน|2
เดียว|2
อาหาร|2
ออก|2
อย่างไร|2
อย่างยิ่ง|2
หลาย|2
หลังจากที่|2
หลังจาก|2
หรือไม่|2
หมื่น|2
หน้าที่|2
หน้า|2
หนึ่ง|2
สิ่ง|2
สำหรับ|2
สำคัญ|2
สะอาด|2
สอบถาม|2
สวยงาม|2
ล้ม|2
ลืม|2
ลิ้น|2
รู้ตัว|2
ระยะเวลา|2
ย้าย|2
ยิ่ง|2
ยัน|2
มือเบา|2
พี่|2
พอ|2
พบ|2
ปวดใจ|2
ปวด|2
ปริ|2
บ่อย|2
บริการ|2
น้อยกว่า|2
น่ารัก|2
ทำ|2
ทันต์|2
ถูก|2
ถึง|2
ถอนฟัน|2
ติด|2
ตำแหน่ง|2
ตาม|2
ตั้งแต่|2
ดูแล|2
ดู|2
ดังนั้น|2
ณณ|2
จัด|2
จน|2
ค่อยๆ|2
คำถาม|2
ควรจะ|2
กลัว|2
กระบวนการ|2
กรณีที่|2
Tags|2
Search|2
January|2
HOME|2
,|2
–|1
์|1
ไหล|1
ไว|1
ไม่เหมาะสม|1
ไม่สมบูรณ์|1
ไม่สมควร|1
ไม่รู้|1
ไม่พอใจ|1
ไม่ทัน|1
ไม่ต้อง|1
ให้บริการ|1
ในระหว่างนั้น|1
ใช้|1
ใจดี|1
ใจ|1
โพรง|1
โปรด|1
โทรศัพท์|1
โดยเฉพาะอย่างยิ่ง|1
โดยทั่วไป|1
โดนใจ|1
โครงสร้าง|1
แสดงว่า|1
แล้วก็|1
แรงดัน|1
แม้แต่น้อย|1
แบบนี้|1
แน่นอน|1
แน่น|1
แทรก|1
แทน|1
แต่ละบุคคล|1
แจ้ง|1
แก้ไข|1
เห็นภาพ|1
เหลือใจ|1
เหมือน|1
เหมาะสม|1
เหตุผล|1
เสียมารยาท|1
เสียงดัง|1
เสียค่าใช้จ่าย|1
เสีย|1
เสริม|1
เวลานอน|1
เวร|1
เลือก|1
เลขที่|1
เร่ง|1
เรื่องราว|1
เรื่อง|1
เยอะ|1
เพียงแค่|1
เพิ่ม|1
เผลอ|1
เป็นเวลา|1
เป็นเรื่อง|1
เป็นกันเอง|1
เปรียบเทียบ|1
เน้น|1
เนื้อเยื่อ|1
เท่าไหร่|1
เท่านั้น|1
เทียม|1
เถื่อน|1
เต|1
เดิม|1
เดินทาง|1
เฉพาะ|1
เจาะลึก|1
เค้า|1
เคี้ยว|1
เคาน์เตอร์|1
เคลื่อนที่|1
เค|1
เข้าที่|1
เกี่ยวกับ|1
เกิดขึ้น|1
อื่นๆ|1
อีกที|1
อีกด้วย|1
อีกครั้ง|1
อี|1
อายุการใช้งาน|1
อาการ|1
อัตรา|1
ออกเสียง|1
ออกจาก|1
อร|1
อย่างเช่น|1
อย่างละเอียด|1
อย่างนี้|1
อย่างนั้น|1
อย่า|1
อยู่กับที่|1
อบรม|1
อ.|1
หาไม่|1
หาดใหญ่|1
หันไป|1
หลัก|1
หน้าจอ|1
หงส์|1
ส่วน|1
ส่ง|1
สูญเสีย|1
สุขภาพ|1
สาเหตุ|1
สั้น|1
สัปดาห์|1
สะดวก|1
สอง|1
สภาพ|1
สนะ|1
สงวน|1
สงขลา|1
ศัพท|1
ศักดิ์|1
วิธี|1
วณิชย์|1
ล้อม|1
ล่าสุด|1
ลูกค้า|1
ลำต้น|1
ลักษณะ|1
ลอง|1
ลง|1
ร้านอาหาร|1
ร้าน|1
ร่างกาย|1
ร่วมงาน|1
รู้|1
รึเปล่า|1
รีวิว|1
รีบ|1
รำมะนาด|1
ราคา|1
ราก|1
รับสาย|1
รับประทาน|1
ร.|1
ย้ำ|1
ย้อย|1
ยิ้มแห้ง|1
ยิ้มแย้ม|1
มีปัญหา|1
มีบทบาท|1
มากมาย|1
ภาพ|1
ฟัง|1
พิมพ์|1
พิจารณา|1
พัก|1
พอที่จะ|1
พอดี|1
พลาด|1
พร้อม|1
พยายาม|1
พบกัน|1
พนักงานบริการ|1
พนักงาน|1
ผ่าน|1
ผู้ใช้บริการ|1
ผู้เขียน|1
ผู้ช่วย|1
ผลเสีย|1
ผลัก|1
ปุ|1
ปี|1
ปาก|1
ปวดฟัน|1
ปรับ|1
ประโยชน์|1
ประเภท|1
ประสาท|1
ปกติ|1
บ้าน|1
บ่อยๆ|1
บางครั้ง|1
บอก|1
บรรยากาศ|1
บ|1
น้ำลายไหล|1
น้ำลาย|1
น้อย|1
นิดเดียว|1
นำไปสู่|1
นานๆ|1
นั้น|1
นัด|1
นะคะ|1
ทุกครั้งที่|1
ที่ๆ|1
ที่ไหน|1
ที่ดิน|1
ที|1
ทำไม|1
ทำฟัน|1
ทำดี|1
ทำความสะอาด|1
ทานอาหาร|1
ทางเลือก|1
ทั้ง|1
ทั่วไป|1
ทะลุ|1
ทพ.|1
ทดแทน|1
ถ้าหาก|1
ถูฟัน|1
ถึงแม้ว่า|1
ถึงกับ|1
ถาม|1
ถังขยะ|1
ถ.|1
ต่าง|1
ต่อไป|1
ต่อ|1
ติดต่อ|1
ติ|1
ตาราง|1
ตามหา|1
ตามมา|1
ตัวเอง|1
ตัว|1
ตอบคำถาม|1
ตอบ|1
ตอนจบ|1
ตลอด|1
ตรึง|1
ต.|1
ด้วยตัวเอง|1
ดึง|1
ดิน|1
ช่องปาก|1
ช่วย|1
ช่วง|1
ชื่นชม|1
ชี้|1
ชอบ|1
จิ|1
จริงๆ|1
จบ|1
จนกว่า|1
จ.|1
ง่ายๆ|1
งับ|1
ค่าบริการ|1
ค่า|1
ค่ะ|1
คุ้ย|1
คืน|1
คิดดู|1
คำแนะนำ|1
คะ|1
คอ|1
คล้ายๆ|1
คลีนิค|1
คนอื่น|1
ข้อเสีย|1
ข้อมูล|1
ขุด|1
ขึ้นอยู่กับ|1
ขึ้นอยู่|1
ขากรรไกร|1
ขอไปที|1
ขออนุญาต|1
ขอความกรุณา|1
ก่อให้เกิด|1
ก็ได้|1
กำลังจะ|1
การล้ม|1
การประเมิน|1
การถอนฟัน|1
กัณฑ์|1
กลับไปกลับมา|1
กระทั่ง|1
กรอบ|1
ก.|1
©|1
list|1
comment|1
a|1
T-T|1
September|1
SUWANNAWONG|1
S|1
Retain|1
PURICHAYA|1
OR|1
MSc|1
MOTOCROSS|1
Leave|1
LIVES|1
KAJIRA|1
June|1
Invisalign|1
Home|1
GAEN|1
February|1
December|1
DDS|1
Comment|1
Check|1
Blog|1
BORIRAK|1
BOONTIP|1
Archives|1
April|1
AEY|1
??|1
90110.|1
6566,|1
26,|1
.|1
'|1
!!|1
